{"initial_reset_timestamp": 1495563546.233474, "timestamps": [1495563549.90191, 1495563558.270198, 1495563558.4193852, 1495563561.6859531, 1495563563.302658, 1495563564.009883, 1495563564.199457, 1495563564.2058408, 1495563564.210607, 1495563564.215285, 1495563564.247186, 1495563564.281586, 1495563564.2870002, 1495563564.319392, 1495563564.324123, 1495563564.358484, 1495563564.3629582, 1495563564.368914, 1495563564.3749278, 1495563564.379276, 1495563564.383554, 1495563564.4052858, 1495563564.409472, 1495563564.4144142, 1495563564.430186, 1495563564.4402509, 1495563564.444884, 1495563564.449066, 1495563564.453711, 1495563564.4592261, 1495563564.472264, 1495563564.4969962, 1495563564.613578, 1495563564.618948, 1495563564.624116, 1495563564.680398, 1495563564.686444, 1495563564.7391832, 1495563564.746885, 1495563564.751683, 1495563564.757931, 1495563564.791072, 1495563564.798679, 1495563564.85026, 1495563564.857096, 1495563565.122954, 1495563565.211544, 1495563565.215787, 1495563565.2312572, 1495563565.251116, 1495563565.280991, 1495563565.285444, 1495563565.289751, 1495563565.2955918, 1495563565.2998521, 1495563565.312911, 1495563565.3169699, 1495563565.320946, 1495563565.3627121, 1495563565.368153, 1495563565.376085, 1495563565.525323, 1495563565.530823, 1495563565.761735, 1495563565.766058, 1495563565.769558, 1495563565.773365, 1495563565.7838788, 1495563565.865622, 1495563565.869173, 1495563565.873635, 1495563565.883234, 1495563565.887088, 1495563565.9165142, 1495563565.921268, 1495563566.00184, 1495563566.0205069, 1495563566.045246, 1495563566.04952, 1495563566.069633, 1495563566.084198, 1495563566.0901172, 1495563566.265289, 1495563566.269303, 1495563566.273124, 1495563566.296269, 1495563566.300503, 1495563566.306535, 1495563566.3102982, 1495563566.3135822, 1495563566.3178098, 1495563566.321503, 1495563566.3448231, 1495563566.348165, 1495563566.352111, 1495563566.3557792, 1495563566.392311, 1495563566.396075, 1495563566.400196, 1495563566.456137, 1495563566.459981, 1495563566.467463, 1495563566.474249, 1495563566.477786, 1495563566.485182, 1495563566.488878, 1495563566.5574028, 1495563566.634624, 1495563566.645686, 1495563566.7569761, 1495563566.76082, 1495563566.7653718, 1495563566.8220491, 1495563566.8409631, 1495563566.845372, 1495563566.849594, 1495563566.854124, 1495563566.858312, 1495563566.95145, 1495563566.955868, 1495563566.9625971, 1495563566.966899, 1495563566.971748, 1495563567.0474439, 1495563567.115722, 1495563567.1199832, 1495563567.123893, 1495563567.127724, 1495563567.1319392, 1495563567.1406488, 1495563567.360119, 1495563567.3866508, 1495563567.390096, 1495563567.393903, 1495563567.4214249, 1495563567.425962, 1495563567.435859, 1495563567.457175, 1495563567.462922, 1495563567.467225, 1495563567.471652, 1495563567.4754848, 1495563567.479553, 1495563567.5133429, 1495563567.517098, 1495563567.521067, 1495563567.5246432, 1495563567.549653, 1495563567.727874, 1495563567.7352068, 1495563567.772786, 1495563567.776244, 1495563567.9598231, 1495563567.9674098, 1495563567.982881, 1495563568.178154, 1495563568.195528, 1495563568.2446342, 1495563568.254452, 1495563568.2667542, 1495563568.305094, 1495563568.32989, 1495563568.343487, 1495563568.349304, 1495563568.353289, 1495563568.357389, 1495563568.3617878, 1495563568.372138, 1495563568.37633, 1495563568.380501, 1495563568.432537, 1495563568.4364932, 1495563568.440235, 1495563568.444884, 1495563568.663334, 1495563568.6709461, 1495563568.67437, 1495563568.678106, 1495563568.681897, 1495563568.686305, 1495563568.690472, 1495563568.6943429, 1495563568.698762, 1495563568.870288, 1495563568.877742, 1495563568.882122, 1495563568.907728, 1495563569.0861282, 1495563569.0908139, 1495563569.095057, 1495563569.098463, 1495563569.200879, 1495563569.2052329, 1495563569.209582, 1495563569.213417, 1495563569.2172348, 1495563569.2217321, 1495563569.226866, 1495563569.247915, 1495563569.252339, 1495563569.256066, 1495563569.259754, 1495563569.2645812, 1495563569.300566, 1495563569.387221, 1495563569.408701, 1495563569.417259, 1495563569.462511, 1495563569.475389, 1495563569.4787369, 1495563569.533081, 1495563569.536913, 1495563569.599562, 1495563569.6304698, 1495563569.6512918, 1495563569.655196, 1495563569.6696682, 1495563569.689257, 1495563569.7001312, 1495563569.704714, 1495563569.728131, 1495563569.73884, 1495563569.75506, 1495563569.758901, 1495563569.779128, 1495563569.8415139, 1495563569.845821, 1495563569.850367, 1495563569.8818939, 1495563570.05977, 1495563570.063659, 1495563570.067884, 1495563570.097704, 1495563570.103703, 1495563570.108182, 1495563570.112045, 1495563570.143048, 1495563570.154411, 1495563570.169048, 1495563570.172868, 1495563570.214884, 1495563570.220822, 1495563570.2859142, 1495563570.289351, 1495563570.313901, 1495563570.3177862, 1495563570.336011, 1495563570.3772721, 1495563570.410429, 1495563570.414906, 1495563570.419619, 1495563570.445329, 1495563570.4501061, 1495563570.5319629, 1495563570.540221, 1495563570.544961, 1495563570.5491562, 1495563572.237055, 1495563572.2426612, 1495563572.276431, 1495563572.292932, 1495563572.2969332, 1495563572.3020082, 1495563572.3066099, 1495563572.323231, 1495563572.32801, 1495563572.343091, 1495563572.3645902, 1495563572.396688, 1495563572.440489, 1495563572.444887, 1495563572.491145, 1495563572.496188, 1495563572.501392, 1495563572.50546], "episode_lengths": [72, 500, 9, 196, 97, 42, 29, 9, 10, 10, 59, 68, 8, 64, 10, 68, 10, 10, 10, 9, 9, 45, 9, 9, 33, 20, 9, 9, 8, 9, 27, 51, 175, 10, 10, 81, 10, 87, 9, 9, 10, 51, 9, 95, 9, 500, 204, 10, 36, 43, 65, 10, 9, 10, 10, 31, 9, 9, 9, 9, 10, 191, 8, 500, 10, 8, 9, 25, 185, 8, 10, 22, 9, 66, 10, 183, 42, 55, 10, 47, 34, 11, 399, 9, 9, 57, 10, 10, 9, 8, 9, 9, 54, 8, 9, 9, 84, 9, 10, 128, 9, 18, 16, 8, 17, 9, 155, 172, 25, 262, 8, 10, 118, 46, 10, 10, 9, 9, 215, 10, 16, 10, 11, 169, 153, 9, 9, 9, 10, 21, 500, 57, 8, 9, 58, 9, 22, 49, 10, 10, 10, 9, 9, 77, 9, 9, 8, 60, 396, 14, 85, 8, 432, 18, 37, 425, 41, 113, 23, 29, 88, 61, 32, 10, 9, 10, 10, 25, 10, 10, 119, 9, 9, 10, 500, 18, 8, 9, 9, 10, 10, 9, 10, 389, 18, 10, 55, 364, 10, 10, 8, 227, 9, 10, 9, 9, 10, 9, 50, 10, 9, 9, 10, 75, 202, 52, 21, 97, 29, 8, 122, 9, 144, 66, 44, 9, 32, 47, 21, 10, 48, 21, 37, 9, 41, 128, 9, 10, 65, 380, 9, 9, 67, 8, 10, 8, 68, 26, 34, 9, 97, 10, 149, 8, 59, 9, 38, 97, 75, 9, 8, 58, 9, 104, 16, 10, 9, 268, 11, 65, 29, 9, 9, 9, 30, 10, 30, 43, 62, 85, 9, 95, 10, 10, 9],